experiment,species,site_name,site_number,plant_id,plant_unique_id,height_pre,crown_length_pre,crown_width_pre,biomass_pre,drybiomass_pre,num_stems_pre,diameter_stem_pre,success_1,height_post,crown_length_post,crown_width_post,num_resprouts_post,diameter_stem_post,drybiomass_post,success_2
field,ACY,Agost,1,ACY_1,ACY_Agost_1,82,57,45,260,111.274722,1,27.57,1,33,27,16,19,3.35,23.861,1
field,ACY,Agost,1,ACY_2,ACY_Agost_2,82,30,17,190,81.316143,3,23.65,1,29,20,17,7,4.78,21.939,1
field,ACY,Agost,1,ACY_3,ACY_Agost_3,85,65,21,190,81.316143,1,17.35,1,48,28,21,13,4.69,32.643,
field,ACY,Agost,1,ACY_4,ACY_Agost_4,77,35,31,200,85.59594,1,24.06,1,33,29,19,23,3.74,26.618,1
field,ACY,Agost,1,ACY_5,ACY_Agost_5,123,56,35,485,207.5701545,1,30.63,0,,,,,,,
field,ACY,Agost,1,ACY_6,ACY_Agost_6,101,44,31.5,360,154.072692,2,22.6,1,35,22,20,4,3.6,9.55,0
field,ACY,Agost,1,ACY_7,ACY_Agost_7,112,49,36,230,98.435331,2,18.8,0,,,,,,,
field,ACY,Agost,1,ACY_8,ACY_Agost_8,59,34,28,70,29.958579,3,9.42,1,34,20,11,9,4.25,11.248,
field,ACY,Agost,1,ACY_9,ACY_Agost_9,62,30,25,90,38.518173,1,16.08,1,28,23,19,20,3.81,27.26,1
field,ACY,Agost,1,ACY_10,ACY_Agost_10,83,54,42,320,136.953504,4,15.43,1,23,25,16,18,3.63,23.898,1
field,ACY,Agost,1,ACY_11,ACY_Agost_11,69,54,51,250,106.994925,3,15.94,0,,,,,,,
field,ACY,Agost,1,ACY_12,ACY_Agost_12,86,45,29,155,66.3368535,2,15.74,0,,,,,,,
field,ACY,Agost,1,ACY_13,ACY_Agost_13,78,43,41,250,106.994925,4,13.62,1,45,34,24,41,4.43,39.518,0
field,ACY,Agost,1,ACY_14,ACY_Agost_14,70,41,27,280,119.834316,2,22.45,0,,,,,,,
field,ACY,Agost,1,ACY_15,ACY_Agost_15,116.5,33,24,400,171.19188,3,15.02,1,42,24,20,25,3.45,20.755,1
field,ACY,Agost,1,ACY_16,ACY_Agost_16,97.5,58,42,650,278.186805,9,18.64,1,54,37,24,85,4.82,101.133,1
field,ACY,Agost,1,ACY_17,ACY_Agost_17,83.5,56,46,240,102.715128,3,14.54,1,43,29,23,21,2.42,25.678,0
field,ACY,Agost,1,ACY_18,ACY_Agost_18,128,33,26,260,111.274722,1,18.18,1,,,,,,,
field,ACY,Agost,1,ACY_19,ACY_Agost_19,92,51,31,270,115.554519,2,19.39,0,,,,,,,
field,ACY,Agost,1,ACY_20,ACY_Agost_20,75,33,24,80,34.238376,1,11.74,1,44,30,21,22,5.09,34.231,1
field,ACY,Agost,1,ACY_21,ACY_Agost_21,120,104,97,1160,496.456452,1,39.18,1,63,63,42,127,5.52,202.042,1
field,ACY,Agost,1,ACY_22,ACY_Agost_22,100,61,59,300,128.39391,4,15.54,1,39,27,19,27,2.72,17.527,1
field,ACY,Agost,1,ACY_23,ACY_Agost_23,125,69,53,630,269.627211,4,19.89,1,60,39,27,80,4.54,98.889,1
field,ACY,Agost,1,ACY_24,ACY_Agost_24,83,53,38,300,128.39391,1,32.19,1,53,27,22,47,3.89,55.671,1
field,ACY,Agost,1,ACY_25,ACY_Agost_25,70,36,29,150,64.196955,2,15.43,1,33,24,20,57,2.3,32.585,1
field,GAL,Agost,1,GAL_1,GAL_Agost_1,40,54,38,150,64.196955,3,23.67,1,40,35,25,33,4.08,64.326,1
field,GAL,Agost,1,GAL_2,GAL_Agost_2,70,48,34,110,47.077767,1,12.84,1,32,42,30,18,3.4,39.83,1
field,GAL,Agost,1,GAL_3,GAL_Agost_3,52,27,23,70,29.958579,2,13.28,1,33,24,19,34,3.61,38.66,1
field,GAL,Agost,1,GAL_4,GAL_Agost_4,34,29,16,40,17.119188,2,13.63,1,39,27,16,22,3.94,41.151,1
field,GAL,Agost,1,GAL_5,GAL_Agost_5,59,38,19,60,25.678782,1,14.76,1,37,21,14,24,3.98,29.094,1
field,GAL,Agost,1,GAL_6,GAL_Agost_6,40,24,13,30,12.839391,1,14.28,1,38,19,11,29,2.21,31.491,1
field,GAL,Agost,1,GAL_7,GAL_Agost_7,67,55,29,210,89.875737,1,19.91,1,44,26,17,42,4.27,57.043,1
field,GAL,Agost,1,GAL_8,GAL_Agost_8,53,47,37,190,81.316143,1,23.28,1,42,26,14,45,3.93,77.408,1
field,GAL,Agost,1,GAL_9,GAL_Agost_9,46,28,25,60,25.678782,1,10.21,1,39,24,20,26,2.68,40.036,1
field,GAL,Agost,1,GAL_10,GAL_Agost_10,49,42,35,160,68.476752,1,30.26,1,50,50,30,41,4.14,133.607,1
field,GAL,Agost,1,GAL_11,GAL_Agost_11,90,63,50,450,192.590865,1,22.33,1,60,49,40,44,4.9,164.619,1
field,GAL,Agost,1,GAL_12,GAL_Agost_12,68,57,56,280,119.834316,3,13.5,1,44,31,27,32,4.15,100.963,1
field,GAL,Agost,1,GAL_13,GAL_Agost_13,50,57,46,170,72.756549,1,15,1,49,39,28,31,4.36,70.435,1
field,GAL,Agost,1,GAL_14,GAL_Agost_14,58,58,44,300,128.39391,7,14.77,1,42,33,27,45,3.57,64.535,1
field,GAL,Agost,1,GAL_15,GAL_Agost_15,64,62,48,300,128.39391,5,11.99,1,50,43,24,22,5.26,95.033,1
field,GAL,Agost,1,GAL_16,GAL_Agost_16,106,84,70,780,333.824166,1,33.39,1,49,45,43,49,3.65,125.712,1
field,GAL,Agost,1,GAL_17,GAL_Agost_17,46,40,29,140,59.917158,1,12.54,1,32,35,27,27,4.24,59.714,1
field,GAL,Agost,1,GAL_18,GAL_Agost_18,40,30,30,60,25.678782,1,15.16,1,34,29,22,22,3.48,28.778,1
field,GAL,Agost,1,GAL_19,GAL_Agost_19,66,59,39,200,85.59594,1,18.99,1,37,33,20,31,3.24,45.574,1
field,GAL,Agost,1,GAL_20,GAL_Agost_20,74,78,50,400,171.19188,3,20.93,1,38,36,25,31,3.9,50.768,1
field,GAL,Agost,1,GAL_21,GAL_Agost_21,38,29,21,40,17.119188,1,13.25,,,,,,,,
field,GAL,Agost,1,GAL_22,GAL_Agost_22,58,49,35,210,89.875737,2,14.19,1,41,28,21,14,5.85,63.126,1
field,GAL,Agost,1,GAL_23,GAL_Agost_23,36,46,28,90,38.518173,1,17.61,1,34,29,19,19,3.51,31.954,1
field,GAL,Agost,1,GAL_24,GAL_Agost_24,67,49,30,240,102.715128,1,20.99,1,46,29,24,31,4.54,60.105,1
field,GAL,Agost,1,GAL_25,GAL_Agost_25,42,40,33,260,111.274722,3,17.82,1,25,20,17,17,2.12,22.388,1
field,ACY,Cabeco d'or,2,ACY_1,ACY_Cabeco d'or_1,83,69,66,430,183.2372197,1,22.88,1,46,44,35,25,4.17,77.409,1
field,ACY,Cabeco d'or,2,ACY_2,ACY_Cabeco d'or_2,73,62,46,320,136.3625821,2,26.97,1,44,53,40,28,4.06,58.61,1
field,ACY,Cabeco d'or,2,ACY_3,ACY_Cabeco d'or_3,82,68,66,380,161.9305662,4,20.23,1,46,56,52,59,3.39,85.78,1
field,ACY,Cabeco d'or,2,ACY_4,ACY_Cabeco d'or_4,83,84,78,540,230.1118573,5,15.74,1,54,53,42,49,6.3,127.84,1
field,ACY,Cabeco d'or,2,ACY_5,ACY_Cabeco d'or_5,67,69,51,200,85.2266138,2,19.25,1,50,52,36,34,4.95,65.235,1
field,ACY,Cabeco d'or,2,ACY_6,ACY_Cabeco d'or_6,87,90,84,660,281.2478255,6,13.82,1,60,62,46,42,7.06,159.79,1
field,ACY,Cabeco d'or,2,ACY_7,ACY_Cabeco d'or_7,72,56,53,200,85.2266138,1,28.98,1,49,36,27,20,3.49,49.866,1
field,ACY,Cabeco d'or,2,ACY_8,ACY_Cabeco d'or_8,104,85,80,850,362.2131086,5,25.65,1,53,44,39,70,5.34,127.194,1
field,ACY,Cabeco d'or,2,ACY_9,ACY_Cabeco d'or_9,82,59,59,210,89.48794449,1,21.38,1,62,43,36,27,4.07,64.238,1
field,ACY,Cabeco d'or,2,ACY_10,ACY_Cabeco d'or_10,85,58,47,320,136.3625821,2,19,1,32,27,19,31,3.82,25.97,1
field,ACY,Cabeco d'or,2,ACY_11,ACY_Cabeco d'or_11,105,58,43,220,93.74927518,3,16.84,1,47,31,22,39,3.22,46.316,1
field,ACY,Cabeco d'or,2,ACY_12,ACY_Cabeco d'or_12,78,52,51,160,68.18129104,2,21.78,1,64,31,23,21,4.92,56.812,1
field,ACY,Cabeco d'or,2,ACY_13,ACY_Cabeco d'or_13,89,94,70,730,311.0771404,2,27.33,1,57,62,41,21,6.86,80.399,0
field,ACY,Cabeco d'or,2,ACY_14,ACY_Cabeco d'or_14,96,75,64,300,127.8399207,3,16.95,1,48,27,21,23,2.83,36.1,1
field,ACY,Cabeco d'or,2,ACY_15,ACY_Cabeco d'or_15,102,76,72,740,315.3384711,2,20.88,1,66,48,46,45,5.99,146.376,1
field,ACY,Cabeco d'or,2,ACY_16,ACY_Cabeco d'or_16,93,64,51,380,161.9305662,2,22.98,1,36,32,23,43,3.84,29.542,1
field,ACY,Cabeco d'or,2,ACY_17,ACY_Cabeco d'or_17,108,110,86,950,404.8264155,4,21.81,1,53,62,53,85,6.33,193.96,1
field,ACY,Cabeco d'or,2,ACY_18,ACY_Cabeco d'or_18,112,45,36,250,106.5332672,1,20.2,1,36,21,18,19,3.47,16.66,1
field,ACY,Cabeco d'or,2,ACY_19,ACY_Cabeco d'or_19,94,84,77,700,298.2931483,4,19.02,1,39,30,30,33,3.36,39.149,0
field,ACY,Cabeco d'or,2,ACY_20,ACY_Cabeco d'or_20,99,86,70,560,238.6345186,1,19.4,1,,,,,,,
field,ACY,Cabeco d'or,2,ACY_21,ACY_Cabeco d'or_21,83,68,65,200,85.2266138,2,19.81,1,52,54,41,37,6.69,77.166,1
field,ACY,Cabeco d'or,2,ACY_22,ACY_Cabeco d'or_22,103,78,70,650,276.9864948,3,19.59,1,43,27,23,48,2.44,32.5,1
field,ACY,Cabeco d'or,2,ACY_23,ACY_Cabeco d'or_23,67,45,34,160,68.18129104,1,17.51,0,,,,,,,
field,ACY,Cabeco d'or,2,ACY_24,ACY_Cabeco d'or_24,128,35,21,530,225.8505266,2,23.91,0,,,,,,,
field,ACY,Cabeco d'or,2,ACY_25,ACY_Cabeco d'or_25,83,62,53,150,63.91996035,1,17.4,,,,,,,,
field,GAL,Cabeco d'or,2,GAL_1,GAL_Cabeco d'or_1,61,57,49,250,106.5332672,6,9.5,1,49,49,37,26,5.48,156.057,1
field,GAL,Cabeco d'or,2,GAL_2,GAL_Cabeco d'or_2,55,56,46,400,170.4532276,3,16.54,1,47,50,33,57,5.02,198.686,1
field,GAL,Cabeco d'or,2,GAL_3,GAL_Cabeco d'or_3,46,70,49,520,221.5891959,7,12.01,1,48,57,47,45,5.19,234.716,1
field,GAL,Cabeco d'or,2,GAL_4,GAL_Cabeco d'or_4,62,53,40,280,119.3172593,2,16.53,1,,,,,,,
field,GAL,Cabeco d'or,2,GAL_5,GAL_Cabeco d'or_5,67,63,35,190,80.96528311,1,18.87,1,48,61,45,29,6.72,135.168,1
field,GAL,Cabeco d'or,2,GAL_6,GAL_Cabeco d'or_6,57,43,35,150,63.91996035,4,11.53,0,,,,,,,
field,GAL,Cabeco d'or,2,GAL_7,GAL_Cabeco d'or_7,59,70,59,420,178.975889,4,11.8,1,44,62,43,56,7.1,189.379,1
field,GAL,Cabeco d'or,2,GAL_8,GAL_Cabeco d'or_8,56,76,39,450,191.759881,1,17.34,1,41,47,40,52,9.62,148.856,1
field,GAL,Cabeco d'or,2,GAL_9,GAL_Cabeco d'or_9,59,57,54,500,213.0665345,3,16.6,1,36,40,31,53,4.05,88.616,1
field,GAL,Cabeco d'or,2,GAL_10,GAL_Cabeco d'or_10,64,42,39,260,110.7945979,3,14.74,1,41,39,27,26,5.21,105.929,1
field,GAL,Cabeco d'or,2,GAL_11,GAL_Cabeco d'or_11,54,35,23,130,55.39729897,1,12.09,1,,,,,,,
field,GAL,Cabeco d'or,2,GAL_12,GAL_Cabeco d'or_12,40,51,39,200,85.2266138,1,15.55,1,29,37,29,18,4.24,63.695,1
field,GAL,Cabeco d'or,2,GAL_13,GAL_Cabeco d'or_13,57,46,32,220,93.74927518,1,15.8,1,38,34,19,19,5.84,65.262,1
field,GAL,Cabeco d'or,2,GAL_14,GAL_Cabeco d'or_14,60,45,37,280,119.3172593,1,20.32,1,43,44,38,28,6.44,153.205,1
field,GAL,Cabeco d'or,2,GAL_15,GAL_Cabeco d'or_15,52,50,42.5,210,89.48794449,5,9.47,1,34,34,30,80,3.59,86.172,1
field,GAL,Cabeco d'or,2,GAL_16,GAL_Cabeco d'or_16,57,52,41,160,68.18129104,2,12.84,0,,,,,,,
field,GAL,Cabeco d'or,2,GAL_17,GAL_Cabeco d'or_17,43,40.5,34,170,72.44262173,3,11.93,1,28,50,40,18,5.14,78.601,1
field,GAL,Cabeco d'or,2,GAL_18,GAL_Cabeco d'or_18,45,56,47,270,115.0559286,5,11.38,1,34,47,47,36,6.52,95.781,1
field,GAL,Cabeco d'or,2,GAL_19,GAL_Cabeco d'or_19,51,54,47.5,410,174.7145583,6,13.48,1,39,48,44,87,5.64,181.901,1
field,GAL,Cabeco d'or,2,GAL_20,GAL_Cabeco d'or_20,62,53,37,200,85.2266138,2,9.86,1,29,22,22,34,4.49,62.929,1
field,GAL,Cabeco d'or,2,GAL_21,GAL_Cabeco d'or_21,73,50,47,280,119.3172593,5,14.14,1,34,29,20,49,2.59,55.338,1
field,GAL,Cabeco d'or,2,GAL_22,GAL_Cabeco d'or_22,47,39,36,170,72.44262173,2,10.37,1,40,52,35,19,5.28,106.592,1
field,GAL,Cabeco d'or,2,GAL_23,GAL_Cabeco d'or_23,65,38,22,200,85.2266138,3,10.98,1,54,39,29,43,5.82,142.709,1
field,GAL,Cabeco d'or,2,GAL_24,GAL_Cabeco d'or_24,58,53,50,350,149.1465741,3,15.38,1,38,44,37,25,4.43,73.15,1
field,GAL,Cabeco d'or,2,GAL_25,GAL_Cabeco d'or_25,54,62,40,350,149.1465741,2,21,1,36,39,31,37,5.52,110.443,1
field,GAL,Canyelles,12,GAL_1,GAL_Canyelles_1,67,72,61,170,66.8074975,2,13.33,1,62,53,30,25,3.93,56.827,1
field,GAL,Canyelles,12,GAL_2,GAL_Canyelles_2,60,56,48,200,78.59705589,4,10.14,1,45,37,25,32,2.91,33.849,1
field,GAL,Canyelles,12,GAL_3,GAL_Canyelles_3,52,53,39,140,55.01793912,2,18.12,1,35,30,24,24,2.53,19.335,1
field,GAL,Canyelles,12,GAL_4,GAL_Canyelles_4,61,53,29,200,78.59705589,3,16.18,1,51,43,22,32,2.99,47.649,1
field,GAL,Canyelles,12,GAL_5,GAL_Canyelles_5,51,45,30,70,27.50896956,3,10.61,0,,,,,,,
field,GAL,Canyelles,12,GAL_6,GAL_Canyelles_6,88,94,63,270,106.1060254,3,14.02,1,48,44,37,27,4.76,51.198,1
field,GAL,Canyelles,12,GAL_7,GAL_Canyelles_7,39,35.5,25,80,31.43882235,1,13.49,1,31,17,16,17,2.9,16.625,1
field,GAL,Canyelles,12,GAL_8,GAL_Canyelles_8,49,69,36,100,39.29852794,3,18.78,1,42,32,29,12,3.1,24.911,1
field,GAL,Canyelles,12,GAL_9,GAL_Canyelles_9,64,74,46,300,117.8955838,5,11.56,1,41,38,38,37,3.22,49.784,1
field,GAL,Canyelles,12,GAL_10,GAL_Canyelles_10,53,51,18,30,11.78955838,1,8.55,1,33,20,17,12,2.52,12.301,1
field,GAL,Canyelles,12,GAL_11,GAL_Canyelles_11,67,35,24,100,39.29852794,1,14.58,1,52,19,16,17,4.07,31.575,1
field,GAL,Canyelles,12,GAL_12,GAL_Canyelles_12,66,65,48,140,55.01793912,3,12.64,1,56,45,32,23,3.4,37.809,1
field,GAL,Canyelles,12,GAL_13,GAL_Canyelles_13,70,65,31,100,39.29852794,3,14.67,1,42,30,26,32,3.37,38.078,1
field,GAL,Canyelles,12,GAL_14,GAL_Canyelles_14,78,51,34,130,51.08808633,1,15.69,1,51,32,20,15,2.73,18.65,1
field,GAL,Canyelles,12,GAL_15,GAL_Canyelles_15,47,22,19,50,19.64926397,1,11.04,1,41,29,18,16,3.19,20.401,1
field,GAL,Canyelles,12,GAL_16,GAL_Canyelles_16,61,63,50,190,74.66720309,1,19.57,1,49,38,25,27,3.13,57.841,1
field,GAL,Canyelles,12,GAL_17,GAL_Canyelles_17,36,36,24,60,23.57911677,1,20.17,1,29,22,21,15,2.63,17.07,1
field,GAL,Canyelles,12,GAL_18,GAL_Canyelles_18,57,41,52,120,47.15823353,4,18.72,1,36,22,17,27,2.53,17.652,1
field,GAL,Canyelles,12,GAL_19,GAL_Canyelles_19,66,106,96,300,117.8955838,4,19.01,1,63,45,42,31,4.04,117.081,1
field,GAL,Canyelles,12,GAL_20,GAL_Canyelles_20,66,51,34,100,39.29852794,2,19.18,1,49,42,27,22,2.92,25.749,1
field,GAL,Canyelles,12,GAL_21,GAL_Canyelles_21,54,81,46,200,78.59705589,6,6.67,1,49,38,28,42,3.35,50.709,1
field,GAL,Canyelles,12,GAL_22,GAL_Canyelles_22,54,36,24,80,31.43882235,2,10.62,1,38,34,31,22,3.24,28.709,1
field,GAL,Canyelles,12,GAL_23,GAL_Canyelles_23,63,48,35,80,31.43882235,1,18.68,1,50,28,20,14,3.29,31.376,1
field,GAL,Canyelles,12,GAL_24,GAL_Canyelles_24,50,45,27,90,35.36867515,2,14.76,1,39,27,20,30,3.26,25.424,1
field,GAL,Canyelles,12,GAL_25,GAL_Canyelles_25,59,54,35,100,39.29852794,4,11.19,1,43,45,27,31,3.76,37.602,1
field,GAL,Cortes,7,GAL_1,GAL_Cortes_1,45,38,34,80,33.86721843,9,14.05,1,49,63,54,31,5.12,90.724,1
field,GAL,Cortes,7,GAL_2,GAL_Cortes_2,55,30,47,100,42.33402304,4,11.42,1,56,62,56,23,3.91,75.612,1
field,GAL,Cortes,7,GAL_3,GAL_Cortes_3,38,36,27,110,46.56742534,3,21.83,1,38,39,36,33,3.42,44.725,1
field,GAL,Cortes,7,GAL_4,GAL_Cortes_4,46,30,35,150,63.50103456,8,8,1,29,18,14,11,3.5,14.082,1
field,GAL,Cortes,7,GAL_5,GAL_Cortes_5,36,33,35,60,25.40041382,2,9.29,1,49,30,15,6,5.87,35.483,1
field,GAL,Cortes,7,GAL_6,GAL_Cortes_6,38,42,20,180,76.20124147,7,12.45,1,50,33,28,18,5.84,80.388,1
field,GAL,Cortes,7,GAL_7,GAL_Cortes_7,32,22,25,40,16.93360921,3,9.45,1,36,28,18,7,3.81,20.043,1
field,GAL,Cortes,7,GAL_8,GAL_Cortes_8,35,16,10,45,19.05031037,1,10.85,1,39,20,14,17,3.77,38.175,1
field,GAL,Cortes,7,GAL_9,GAL_Cortes_9,40,56,36,210,88.90144838,15,8.11,1,52,45,34,36,3.44,87.97,1
field,GAL,Cortes,7,GAL_10,GAL_Cortes_10,32,22,15,50,21.16701152,6,5.3,1,38,34,27,22,3.51,55.975,1
field,GAL,Cortes,7,GAL_11,GAL_Cortes_11,27,34,25,65,27.51711497,13,7.53,0,,,,,,,
field,GAL,Cortes,7,GAL_12,GAL_Cortes_12,37,20,12,55,23.28371267,5,6.55,1,32,16,15,11,2.46,16.844,1
field,GAL,Cortes,7,GAL_13,GAL_Cortes_13,32,27,26,100,42.33402304,5,7.79,0,,,,,,,
field,GAL,Cortes,7,GAL_14,GAL_Cortes_14,36,29,21,55,23.28371267,7,7.92,1,37,26,21,14,3.06,29.632,1
field,GAL,Cortes,7,GAL_15,GAL_Cortes_15,49,45,50,300,127.0020691,10,10.1,1,25,36,31,34,4.23,111.126,1
field,GAL,Cortes,7,GAL_16,GAL_Cortes_16,40,34,21,160,67.73443686,3,8.64,1,39,33,25,26,2.14,45.981,1
field,GAL,Cortes,7,GAL_17,GAL_Cortes_17,27,30,20,50,21.16701152,14,3.44,0,,,,,,,
field,GAL,Cortes,7,GAL_18,GAL_Cortes_18,35,21,17,40,16.93360921,9,6.33,1,42,28,21,11,3.2,28.061,1
field,GAL,Cortes,7,GAL_19,GAL_Cortes_19,48,79,44,360,152.4024829,26,14.52,1,,,,,,,
field,GAL,Cortes,7,GAL_20,GAL_Cortes_20,40,28,28,110,46.56742534,9,7.1,0,,,,,,,
field,GAL,Cortes,7,GAL_21,GAL_Cortes_21,35,25,31,80,33.86721843,7,14.45,0,,,,,,,
field,GAL,Cortes,7,GAL_22,GAL_Cortes_22,40,43,32,90,38.10062073,14,6.56,0,,,,,,,
field,GAL,Cortes,7,GAL_23,GAL_Cortes_23,32,30,25,85,35.98391958,15,6.65,,,,,,,,
field,GAL,Cortes,7,GAL_24,GAL_Cortes_24,35,33,34,90,38.10062073,13,5.92,0,,,,,,,
field,GAL,Cortes,7,GAL_25,GAL_Cortes_25,44,40,25,200,84.66804607,8,9.14,0,,,,,,,
field,ACY,Desert de les Palmas,5,ACY_1,ACY_Desert de les Palmas_1,106,42,34,190,78.83982609,2,14.51,1,53,42,31,18,3.99,48.802,
field,ACY,Desert de les Palmas,5,ACY_2,ACY_Desert de les Palmas_2,104,46,29,100,41.49464531,2,13.78,1,44,33,30,15,3.47,22.137,1
field,ACY,Desert de les Palmas,5,ACY_3,ACY_Desert de les Palmas_3,118,54,42.5,180,74.69036156,2,12.33,1,66,47,43,22,4.92,64.286,1
field,ACY,Desert de les Palmas,5,ACY_4,ACY_Desert de les Palmas_4,65.5,59,22,120,49.79357437,4,15.92,0,,,,,,,
field,ACY,Desert de les Palmas,5,ACY_5,ACY_Desert de les Palmas_5,110,64,39,140,58.09250343,2,17.99,1,78,27,23,19,4.99,37.976,1
field,ACY,Desert de les Palmas,5,ACY_6,ACY_Desert de les Palmas_6,108,38,30,180,74.69036156,1,14.93,1,,,,,,,
field,ACY,Desert de les Palmas,5,ACY_7,ACY_Desert de les Palmas_7,92,38,41,160,66.39143249,4,22.88,1,,,,,,,
field,ACY,Desert de les Palmas,5,ACY_8,ACY_Desert de les Palmas_8,105,62,42,150,62.24196796,2,15.61,1,53,44,23,14,4.65,22.685,0
field,ACY,Desert de les Palmas,5,ACY_9,ACY_Desert de les Palmas_9,99,67,39,140,58.09250343,2,13.63,0,,,,,,,
field,ACY,Desert de les Palmas,5,ACY_10,ACY_Desert de les Palmas_10,98,37,25,140,58.09250343,1,14.45,1,53,26,21,17,5.12,18.457,
field,ACY,Desert de les Palmas,5,ACY_11,ACY_Desert de les Palmas_11,103,76,40,140,58.09250343,2,17.03,0,,,,,,,
field,ACY,Desert de les Palmas,5,ACY_12,ACY_Desert de les Palmas_12,89,40,36,90,37.34518078,1,14.07,1,58,45,39,13,4.16,31.459,0
field,ACY,Desert de les Palmas,5,ACY_13,ACY_Desert de les Palmas_13,98,86,82,220,91.28821968,5,14.82,1,46,17,14,17,2.04,20.267,1
field,ACY,Desert de les Palmas,5,ACY_14,ACY_Desert de les Palmas_14,96,39,31,80,33.19571625,2,15.22,1,62,49,35,14,4.8,43.286,1
field,ACY,Desert de les Palmas,5,ACY_15,ACY_Desert de les Palmas_15,93,44,42,60,24.89678719,1,9.67,1,47,27,24,20,3.47,20.142,1
field,ACY,Desert de les Palmas,5,ACY_16,ACY_Desert de les Palmas_16,116,52,43,160,66.39143249,1,16.96,1,48,30,23,24,3.82,28.717,1
field,ACY,Desert de les Palmas,5,ACY_17,ACY_Desert de les Palmas_17,110,47,47,210,87.13875515,2,14.77,1,,,,,,,
field,ACY,Desert de les Palmas,5,ACY_18,ACY_Desert de les Palmas_18,121,70.5,68,210,87.13875515,3,20.55,1,,,,,,,
field,ACY,Desert de les Palmas,5,ACY_19,ACY_Desert de les Palmas_19,86,74,45,80,33.19571625,6,13.08,1,34,41,29,17,4.32,44.722,1
field,ACY,Desert de les Palmas,5,ACY_20,ACY_Desert de les Palmas_20,92,78,55,240,99.58714874,3,12.19,1,,,,,,,
field,ACY,Desert de les Palmas,5,ACY_21,ACY_Desert de les Palmas_21,114,48,36,220,91.28821968,2,15.12,,,,,,,,
field,ACY,Desert de les Palmas,5,ACY_22,ACY_Desert de les Palmas_22,122,73,41,230,95.43768421,3,11.41,1,48,45,25,20,2.31,13.788,0
field,ACY,Desert de les Palmas,5,ACY_23,ACY_Desert de les Palmas_23,144,42,36,200,82.98929062,2,14.92,1,60,15,14,17,3.5,16.915,1
field,ACY,Desert de les Palmas,5,ACY_24,ACY_Desert de les Palmas_24,94,55,40,100,41.49464531,1,10.7,,,,,,,,
field,ACY,Desert de les Palmas,5,ACY_25,ACY_Desert de les Palmas_25,118,51,48,180,74.69036156,2,13.96,1,56,50,41,19,5.8,73.49,1
field,GAL,Garraf,13,GAL_1,GAL_Garraf_1,60,68,63,400,154.69124,4,17.38,1,57,60,51,22,4.35,114.295,1
field,GAL,Garraf,13,GAL_2,GAL_Garraf_2,58,35,23,90,34.805529,4,5.52,1,51,35,17,5,4.16,20.613,
field,GAL,Garraf,13,GAL_3,GAL_Garraf_3,57,64,48,210,81.212901,6,20.91,1,41,40,36,33,3.02,44.432,1
field,GAL,Garraf,13,GAL_4,GAL_Garraf_4,58,68,41,180,69.611058,5,6.57,1,41,38,26,25,3.18,38.342,1
field,GAL,Garraf,13,GAL_5,GAL_Garraf_5,38,30,26,80,30.938248,1,10.1,1,31,26,17,22,2.3,19.332,1
field,GAL,Garraf,13,GAL_6,GAL_Garraf_6,52,63,51,290,112.151149,3,12.12,1,49,54,37,37,3.97,117.02,1
field,GAL,Garraf,13,GAL_7,GAL_Garraf_7,50,26,24,70,27.070967,1,10.64,1,39,32,23,18,2.42,24.406,1
field,GAL,Garraf,13,GAL_8,GAL_Garraf_8,39,38,31,120,46.407372,2,15.38,1,36,25,19,24,3.23,30.613,0
field,GAL,Garraf,13,GAL_9,GAL_Garraf_9,63,69,47,250,96.682025,4,12.52,1,40,42,25,35,3.14,59.976,0
field,GAL,Garraf,13,GAL_10,GAL_Garraf_10,40,49,38,140,54.141934,4,9.86,1,38,27,21,24,2.65,30.062,0
field,GAL,Garraf,13,GAL_11,GAL_Garraf_11,60,50,47,230,88.947463,5,13.8,1,42,25,20,19,3.89,22.121,0
field,GAL,Garraf,13,GAL_12,GAL_Garraf_12,59,86,67,350,135.354835,2,21.84,1,43,48,34,17,3.59,39.776,1
field,GAL,Garraf,13,GAL_13,GAL_Garraf_13,66,58,47,210,81.212901,1,22.17,1,50,41,24,24,3.16,42.618,1
field,GAL,Garraf,13,GAL_14,GAL_Garraf_14,55,88,64,240,92.814744,4,19.66,1,39,27,22,31,3.01,36.343,1
field,GAL,Garraf,13,GAL_15,GAL_Garraf_15,50,45,32,120,46.407372,3,14.82,1,46,39,28,30,4.34,59.31,1
field,GAL,Garraf,13,GAL_16,GAL_Garraf_16,58,67,53,200,77.34562,2,19.54,1,34,16,15,11,2.44,6.997,
field,GAL,Garraf,13,GAL_17,GAL_Garraf_17,51,57,40,180,69.611058,3,22.82,1,38,27,16,12,3.6,13.865,0
field,GAL,Garraf,13,GAL_18,GAL_Garraf_18,60,48,35,120,46.407372,1,23.29,1,46,50,23,22,4,32.519,1
field,GAL,Garraf,13,GAL_19,GAL_Garraf_19,49,62,47,280,108.283868,3,15.57,1,43,37,31,31,3.15,62.252,1
field,GAL,Garraf,13,GAL_20,GAL_Garraf_20,45,51,38,190,73.478339,4,13.24,1,25,33,21,22,3.4,14.965,0
field,GAL,Garraf,13,GAL_21,GAL_Garraf_21,39,51,45,200,77.34562,1,27.54,1,16,22,20,10,2.45,5.961,0
field,GAL,Garraf,13,GAL_22,GAL_Garraf_22,52,56,44,200,77.34562,3,20.94,1,48,38,31,32,3.23,37.266,1
field,GAL,Garraf,13,GAL_23,GAL_Garraf_23,67,67,44,170,65.743777,1,15.71,1,58,39,32,21,3.7,52.202,1
field,GAL,Garraf,13,GAL_24,GAL_Garraf_24,46,48,45,170,65.743777,4,14.21,1,28,24,20,32,2.18,20.394,1
field,GAL,Garraf,13,GAL_25,GAL_Garraf_25,49,46,46,150,58.009215,3,14.76,1,39,44,30,37,3.6,41.859,
field,ACY,Naquera,4,ACY_1,ACY_Naquera_1,85,58,48,230,96.41349897,1,19.93,1,54,32,26,27,3.22,35.976,
field,ACY,Naquera,4,ACY_2,ACY_Naquera_2,84,77,61,280,117.3729553,6,13.62,1,66,33,29,38,3.94,79.822,1
field,ACY,Naquera,4,ACY_3,ACY_Naquera_3,103,67,60,320,134.1405203,2,17.31,1,21,30,24,19,2.53,10.764,
field,ACY,Naquera,4,ACY_4,ACY_Naquera_4,116,97,72,510,213.7864542,12,11.57,1,22,22,19,44,1.28,,
field,ACY,Naquera,4,ACY_5,ACY_Naquera_5,105,83,79,580,243.1296931,7,14.17,1,25,30,26,26,2.14,25.882,0
field,ACY,Naquera,4,ACY_6,ACY_Naquera_6,106,89,87,310,129.9486291,2,25.9,1,55,34,27,31,3.19,57.535,1
field,ACY,Naquera,4,ACY_7,ACY_Naquera_7,103,80,59,260,108.9891728,3,12.92,1,48,34,28,28,3.4,34.895,1
field,ACY,Naquera,4,ACY_8,ACY_Naquera_8,99,69,67,200,83.83782519,4,12.88,1,43,25,17,24,2.65,27.554,0
field,ACY,Naquera,4,ACY_9,ACY_Naquera_9,95,83,80,210,88.02971645,2,12.83,1,,,,,,,
field,ACY,Naquera,4,ACY_10,ACY_Naquera_10,111,72,60,350,146.7161941,3,16.16,1,,,,,,,
field,ACY,Naquera,4,ACY_11,ACY_Naquera_11,123,75,66,500,209.594563,3,21.81,1,59,34,27,31,3.7,68.05,1
field,ACY,Naquera,4,ACY_12,ACY_Naquera_12,107,62,56,250,104.7972815,1,22.27,1,45,36,24,20,3.44,24.953,0
field,ACY,Naquera,4,ACY_13,ACY_Naquera_13,104,59,48,180,75.45404267,1,18.72,1,28,17,11,20,1.63,11.037,0
field,ACY,Naquera,4,ACY_14,ACY_Naquera_14,102,55,52,280,117.3729553,3,18.79,1,42,24,16,22,3.26,19.709,1
field,ACY,Naquera,4,ACY_15,ACY_Naquera_15,113,67,53,400,167.6756504,2,21.26,1,64,34,28,58,3.48,60.885,1
field,ACY,Naquera,4,ACY_16,ACY_Naquera_16,101,69,50,370,155.0999766,2,24.69,1,56,33,29,39,3.71,59.507,1
field,ACY,Naquera,4,ACY_17,ACY_Naquera_17,112,46,44,230,96.41349897,1,21.93,1,55,23,23,18,3.37,25.402,1
field,ACY,Naquera,4,ACY_18,ACY_Naquera_18,84,47,36,210,88.02971645,5,9.86,1,46,35,25,31,3.08,32.39,0
field,ACY,Naquera,4,ACY_19,ACY_Naquera_19,98,70,51,420,176.0594329,6,12.42,1,54,36,24,52,3.5,49.283,1
field,ACY,Naquera,4,ACY_20,ACY_Naquera_20,114,75,49,440,184.4432154,4,15.01,1,49,30,17,39,2.66,27.62,1
field,ACY,Naquera,4,ACY_21,ACY_Naquera_21,85,59,47,210,88.02971645,7,8.5,1,36,26,16,21,2.12,14.499,0
field,ACY,Naquera,4,ACY_22,ACY_Naquera_22,117,71,54,350,146.7161941,3,18.73,1,50,37,19,22,4.01,40.433,1
field,ACY,Naquera,4,ACY_23,ACY_Naquera_23,82,49,47,100,41.9189126,3,9.16,1,20,22,20,20,2.49,11.511,1
field,ACY,Naquera,4,ACY_24,ACY_Naquera_24,93.5,77,47,100,41.9189126,1,15.44,1,68,32,22,17,4.31,40.864,1
field,ACY,Naquera,4,ACY_25,ACY_Naquera_25,110,52,44,240,100.6053902,1,18.33,1,53,30,22,23,3.78,43.293,1
field,GAL,Perello,11,GAL_1,GAL_Perello_1,38,39,35,120,47.69848756,1,19.93,1,26,36,33,23,2.99,26.273,1
field,GAL,Perello,11,GAL_2,GAL_Perello_2,25,22,20,40,15.89949585,2,18.66,1,26,30,23,17,3.18,23.588,1
field,GAL,Perello,11,GAL_3,GAL_Perello_3,42,40,40,110,43.7236136,4,25.11,1,35,34,25,40,2.78,36.247,1
field,GAL,Perello,11,GAL_4,GAL_Perello_4,47,66,40,250,99.37184908,3,29.79,1,34,33,25,29,3.15,34.371,1
field,GAL,Perello,11,GAL_5,GAL_Perello_5,42,29,17,60,23.84924378,1,17.75,1,,,,,,,
field,GAL,Perello,11,GAL_6,GAL_Perello_6,40,50,40,250,99.37184908,4,26.68,1,18,23,14,24,1.87,7.629,1
field,GAL,Perello,11,GAL_7,GAL_Perello_7,46,40,37,150,59.62310945,3,21.73,1,34,25,21,15,2.76,19.759,1
field,GAL,Perello,11,GAL_8,GAL_Perello_8,49,36,27,160,63.59798341,1,25.3,1,31,21,13,13,3.17,21.395,1
field,GAL,Perello,11,GAL_9,GAL_Perello_9,47,40,34,100,39.74873963,1,16.1,1,15,15,8,12,2.13,6.282,1
field,GAL,Perello,11,GAL_10,GAL_Perello_10,39,45,40,180,71.54773134,3,24.19,1,23,33,22,49,2.92,29.418,1
field,GAL,Perello,11,GAL_11,GAL_Perello_11,45,50,30,160,63.59798341,1,25.73,1,28,25,18,29,1.71,12.909,
field,GAL,Perello,11,GAL_12,GAL_Perello_12,50,54,36,200,79.49747927,3,24.86,1,26,35,25,32,4.07,28.341,1
field,GAL,Perello,11,GAL_13,GAL_Perello_13,60,62,80,640,254.3919337,7,20.06,1,51,46,36,47,4.87,109.93,1
field,GAL,Perello,11,GAL_14,GAL_Perello_14,50,40,40,140,55.64823549,1,16.35,1,35,33,24,27,2.76,32.442,1
field,GAL,Perello,11,GAL_15,GAL_Perello_15,61,50,40,150,59.62310945,5,12.63,1,41,33,26,47,2.91,49.847,1
field,GAL,Perello,11,GAL_16,GAL_Perello_16,40,68,30,100,39.74873963,5,19.7,1,26,29,20,15,2.48,12.035,1
field,GAL,Perello,11,GAL_17,GAL_Perello_17,30,32,28,80,31.79899171,2,25.92,1,27,22,21,27,3.3,28.592,1
field,GAL,Perello,11,GAL_18,GAL_Perello_18,41,53,39,150,59.62310945,1,22.22,1,36,48,32,38,4.07,50.044,1
field,GAL,Perello,11,GAL_19,GAL_Perello_19,40,58,59,200,79.49747927,4,24.29,0,,,,,,,
field,GAL,Perello,11,GAL_20,GAL_Perello_20,42,24,20,50,19.87436982,1,15.84,1,21,3,3,3,1.64,3.512,
field,GAL,Perello,11,GAL_21,GAL_Perello_21,43,70,40,250,99.37184908,4,19,1,33,27,22,40,2.64,26.683,1
field,GAL,Perello,11,GAL_22,GAL_Perello_22,38,37,20,80,31.79899171,2,20.33,1,23,9,7,4,1.78,3.688,0
field,GAL,Perello,11,GAL_23,GAL_Perello_23,45,50,35,190,75.5226053,2,22.45,1,30,28,29,31,3.04,35.564,1
field,GAL,Perello,11,GAL_24,GAL_Perello_24,29,31,19,60,23.84924378,3,19.49,1,17,18,14,19,1.75,6.262,
field,GAL,Perello,11,GAL_25,GAL_Perello_25,51,52,45,210,83.47235323,2,21.99,1,26,32,26,39,2.3,27.95,1
field,ACY,Petrer,3,ACY_1,ACY_Petrer_1,84,54,46,210,89.21232337,7,14.4,1,52,45,27,32,4.44,43.168,1
field,ACY,Petrer,3,ACY_2,ACY_Petrer_2,71,58,42,280,118.9497645,3,17.08,1,58,41,26,62,7.41,91.01,1
field,ACY,Petrer,3,ACY_3,ACY_Petrer_3,91.5,82,52,180,76.46770574,1,18.07,1,70,62,36,30,7,66.571,1
field,ACY,Petrer,3,ACY_4,ACY_Petrer_4,78,52,38,160,67.97129399,1,20.61,1,67,62,43,35,8,128.747,1
field,ACY,Petrer,3,ACY_5,ACY_Petrer_5,115,48,36,1250,531.0257343,2,51.79,0,,,,,,,
field,ACY,Petrer,3,ACY_6,ACY_Petrer_6,88,65,43,170,72.21949987,2,15.65,1,50,44,30,47,4.01,82.879,0
field,ACY,Petrer,3,ACY_7,ACY_Petrer_7,72,67,63,300,127.4461762,3,16.42,0,,,,,,,
field,ACY,Petrer,3,ACY_8,ACY_Petrer_8,82,53,46,250,106.2051469,2,16.69,1,69,23,47,48,6.18,145.328,1
field,ACY,Petrer,3,ACY_9,ACY_Petrer_9,87,72,67,350,148.6872056,3,16.5,1,67,56,54,65,6.22,141.57,
field,ACY,Petrer,3,ACY_10,ACY_Petrer_10,89,45,38,220,93.46052924,2,17.09,1,49,45,30,27,7,74.272,1
field,ACY,Petrer,3,ACY_11,ACY_Petrer_11,78,75,62,300,127.4461762,1,28.71,1,69,84,83,39,8.69,173.185,1
field,ACY,Petrer,3,ACY_12,ACY_Petrer_12,67,49.5,41,140,59.47488224,1,16.46,1,41,32,21,5,5.88,15.812,
field,ACY,Petrer,3,ACY_13,ACY_Petrer_13,112,62,53,400,169.928235,1,29.08,1,45,26,24,26,2.93,28.715,0
field,ACY,Petrer,3,ACY_14,ACY_Petrer_14,88.5,62,54,240,101.956941,1,23.82,1,81,69,49,26,13.81,195.776,1
field,ACY,Petrer,3,ACY_15,ACY_Petrer_15,51,44,34,100,42.48205875,1,20.77,1,33,33,27,25,4.55,40.181,1
field,ACY,Petrer,3,ACY_16,ACY_Petrer_16,91,58,47,290,123.1979704,3,16.01,1,56,53,42,38,4.93,71.837,1
field,ACY,Petrer,3,ACY_17,ACY_Petrer_17,110,60,57,400,169.928235,1,19.11,1,53,31,26,25,2.04,39.181,1
field,ACY,Petrer,3,ACY_18,ACY_Petrer_18,76,57,45,330,140.1907939,4,12.87,1,74,52,36,48,5.93,191.298,1
field,ACY,Petrer,3,ACY_19,ACY_Petrer_19,88,91,52,220,93.46052924,1,23.31,1,72,50,43,22,4.99,83.03,1
field,ACY,Petrer,3,ACY_20,ACY_Petrer_20,59.5,69,59,300,127.4461762,2,20.29,1,60,85,80,41,6.62,245.366,1
field,ACY,Petrer,3,ACY_21,ACY_Petrer_21,79,67,54,330,140.1907939,1,25.56,1,66,58,40,33,6.2,101.368,1
field,ACY,Petrer,3,ACY_22,ACY_Petrer_22,85,60,52,240,101.956941,1,23.81,1,57,71,52,28,7.23,138.782,1
field,ACY,Petrer,3,ACY_23,ACY_Petrer_23,77,48,41,160,67.97129399,1,17.29,1,59,49,35,30,6.36,68.444,1
field,ACY,Petrer,3,ACY_24,ACY_Petrer_24,111,73,60,400,169.928235,1,33.61,1,,,,,,,
field,ACY,Petrer,3,ACY_25,ACY_Petrer_25,76,53,52,200,84.96411749,1,16.06,1,,,,,,,
field,GAL,Serra,8,GAL_1,GAL_Serra_1,31,27,36,90,37.58966862,1,17.71,0,,,,,,,
field,GAL,Serra,8,GAL_2,GAL_Serra_2,46,72,32,190,79.35596708,2,21.99,0,,,,,,,
field,GAL,Serra,8,GAL_3,GAL_Serra_3,36,37,32,140,58.47281785,1,14.42,0,,,,,,,
field,GAL,Serra,8,GAL_4,GAL_Serra_4,55,77,53,290,121.1222655,4,33.85,0,,,,,,,
field,GAL,Serra,8,GAL_5,GAL_Serra_5,34,35,27,50,20.88314923,1,14.07,1,28,32,25,18,3.54,34.192,
field,GAL,Serra,8,GAL_6,GAL_Serra_6,43,61,47,460,192.1249729,1,16.72,0,,,,,,,
field,GAL,Serra,8,GAL_7,GAL_Serra_7,56,84,47,380,158.7119342,1,28.59,1,37,50,46,58,4.06,112.279,1
field,GAL,Serra,8,GAL_8,GAL_Serra_8,34.5,45,34,100,41.76629846,3,14.43,,,,,,,,
field,GAL,Serra,8,GAL_9,GAL_Serra_9,58,62,71,360,150.3586745,3,32.14,0,,,,,,,
field,GAL,Serra,8,GAL_10,GAL_Serra_10,54,55,46,180,75.17933724,4,16.52,1,34,23,22,18,2.56,19.565,1
field,GAL,Serra,8,GAL_11,GAL_Serra_11,33,45,39,70,29.23640893,3,6.15,1,29,30,21,28,2.91,24.871,1
field,GAL,Serra,8,GAL_12,GAL_Serra_12,54,75,68,510,213.0081222,2,22.92,1,39,44,36,37,3.29,67.271,1
field,GAL,Serra,8,GAL_13,GAL_Serra_13,41,54,49,100,41.76629846,1,20.95,1,38,56,36,35,5.31,75.523,1
field,GAL,Serra,8,GAL_14,GAL_Serra_14,49,67,54,290,121.1222655,3,18.5,1,26,29,27,19,3.84,26.699,0
field,GAL,Serra,8,GAL_15,GAL_Serra_15,52,70,49,300,125.2988954,1,18.04,0,,,,,,,
field,GAL,Serra,8,GAL_16,GAL_Serra_16,44,57,33,180,75.17933724,3,26.41,,,,,,,,
field,GAL,Serra,8,GAL_17,GAL_Serra_17,57,62,39,110,45.94292831,3,15.36,0,,,,,,,
field,GAL,Serra,8,GAL_18,GAL_Serra_18,32,34,32,80,33.41303877,1,17.1,1,31,29,22,30,2.79,25.622,1
field,GAL,Serra,8,GAL_19,GAL_Serra_19,39,52,62,110,45.94292831,3,16.42,0,,,,,,,
field,GAL,Serra,8,GAL_20,GAL_Serra_20,52,83,61,410,171.2418237,3,20,1,24,38,30,34,2.37,24.372,1
field,GAL,Serra,8,GAL_21,GAL_Serra_21,39,55,28,130,54.296188,1,20.61,0,,,,,,,
field,GAL,Serra,8,GAL_22,GAL_Serra_22,33,39,48,140,58.47281785,3,24.31,0,,,,,,,
field,GAL,Serra,8,GAL_23,GAL_Serra_23,52,55,57,200,83.53259693,3,15.98,1,36,42,31,22,2.74,24.301,
field,GAL,Serra,8,GAL_24,GAL_Serra_24,45,49,47,160,66.82607754,2,18.89,,,,,,,,
field,GAL,Serra,8,GAL_25,GAL_Serra_25,30,28.5,22,40,16.70651939,1,12.92,,,,,,,,
field,ACY,Serra D'irta,6,ACY_1,ACY_Serra D'irta_1,100,42,60,770,319.0857225,7,20.94,1,84,75,55,47,5.33,236.595,1
field,ACY,Serra D'irta,6,ACY_2,ACY_Serra D'irta_2,97,65,58,400,165.7588169,6,28.41,1,83,83,80,29,7.63,221.394,1
field,ACY,Serra D'irta,6,ACY_3,ACY_Serra D'irta_3,78,50,35,200,82.87940844,3,11.96,1,67,73,50,24,5.61,75.482,1
field,ACY,Serra D'irta,6,ACY_4,ACY_Serra D'irta_4,92,37,31,280,116.0311718,4,16.2,1,54,55,40,39,3.33,55.149,1
field,ACY,Serra D'irta,6,ACY_5,ACY_Serra D'irta_5,75,49,38,160,66.30352675,4,16.23,,,,,,,,
field,ACY,Serra D'irta,6,ACY_6,ACY_Serra D'irta_6,50,29,34,110,45.58367464,4,15.2,1,44,41,35,21,3.82,30.635,1
field,ACY,Serra D'irta,6,ACY_7,ACY_Serra D'irta_7,70,57,44,560,232.0623436,3,20.18,1,73,84,78,42,8.43,244.077,1
field,ACY,Serra D'irta,6,ACY_8,ACY_Serra D'irta_8,78,29,36,290,120.1751422,3,30.13,0,,,,,,,
field,ACY,Serra D'irta,6,ACY_9,ACY_Serra D'irta_9,55,36,31,110,45.58367464,5,23.21,1,54,34,28,31,5.45,70.875,1
field,ACY,Serra D'irta,6,ACY_10,ACY_Serra D'irta_10,80,45,50,260,107.743231,3,36.18,1,93,65,63,30,6.64,131.34,1
field,ACY,Serra D'irta,6,ACY_11,ACY_Serra D'irta_11,70,22,32,170,70.44749718,2,16.61,1,46,37,26,16,4.77,20.748,
field,ACY,Serra D'irta,6,ACY_12,ACY_Serra D'irta_12,67,32,29,170,70.44749718,3,15.38,1,90,76,52,35,8.12,196.869,1
field,ACY,Serra D'irta,6,ACY_13,ACY_Serra D'irta_13,118,86,40,460,190.6226394,4,28.06,,,,,,,,
field,ACY,Serra D'irta,6,ACY_14,ACY_Serra D'irta_14,56,47,35,200,82.87940844,1,17.98,,,,,,,,
field,ACY,Serra D'irta,6,ACY_15,ACY_Serra D'irta_15,70,37,34,140,58.01558591,1,16.89,0,,,,,,,
field,ACY,Serra D'irta,6,ACY_16,ACY_Serra D'irta_16,102,49,40,240,99.45529013,2,18.88,,,,,,,,
field,ACY,Serra D'irta,6,ACY_17,ACY_Serra D'irta_17,75,46,43,180,74.5914676,6,42,,,,,,,,
field,ACY,Serra D'irta,6,ACY_18,ACY_Serra D'irta_18,50,30,25,150,62.15955633,2,49.17,1,65,50,39,45,5.7,75.363,0
field,ACY,Serra D'irta,6,ACY_19,ACY_Serra D'irta_19,78,37,32,100,41.43970422,2,17.45,,,,,,,,
field,ACY,Serra D'irta,6,ACY_20,ACY_Serra D'irta_20,41,24,25,60,24.86382253,5,15.49,1,49,32,22,36,4.52,48.467,1
field,ACY,Serra D'irta,6,ACY_21,ACY_Serra D'irta_21,41,26,20,50,20.71985211,4,21.99,1,51,45,39,41,4.52,60.886,1
field,ACY,Serra D'irta,6,ACY_22,ACY_Serra D'irta_22,60,29,25,100,41.43970422,2,38.19,1,69,50,38,22,5.13,60.188,1
field,ACY,Serra D'irta,6,ACY_23,ACY_Serra D'irta_23,57,35,32,100,41.43970422,4,14.79,,,,,,,,
field,ACY,Serra D'irta,6,ACY_24,ACY_Serra D'irta_24,100,50,30,300,124.3191127,5,24.72,1,92,91,79,36,6.22,224.562,1
field,ACY,Serra D'irta,6,ACY_25,ACY_Serra D'irta_25,96,45,35,420,174.0467577,6,15.66,1,79,54,42,46,5.84,96.153,1
field,GAL,Serra D'irta,6,GAL_1,GAL_Serra D'irta_1,45,40,30,60,24.86382253,7,6.45,1,34,24,18,22,2.11,19.111,
field,GAL,Serra D'irta,6,GAL_2,GAL_Serra D'irta_2,60,35,21,80,33.15176338,3,15.16,1,31,26,21,26,2.1,17.479,1
field,GAL,Serra D'irta,6,GAL_3,GAL_Serra D'irta_3,58,47,40,150,62.15955633,4,15.3,1,50,58,37,43,4.82,65.878,1
field,GAL,Serra D'irta,6,GAL_4,GAL_Serra D'irta_4,52,58,52,300,124.3191127,4,22.4,1,60,53,30,32,3.43,67.35,1
field,GAL,Serra D'irta,6,GAL_5,GAL_Serra D'irta_5,45,35,26,20,8.287940844,3,10.78,1,33,15,13,16,1.49,8.942,1
field,GAL,Serra D'irta,6,GAL_6,GAL_Serra D'irta_6,48,39,26,40,16.57588169,2,27,1,48,58,26,21,3.03,20.005,
field,GAL,Serra D'irta,6,GAL_7,GAL_Serra D'irta_7,50,20,17,40,16.57588169,3,13.23,,,,,,,,
field,GAL,Serra D'irta,6,GAL_8,GAL_Serra D'irta_8,30,25,21,30,12.43191127,1,18.63,,,,,,,,
field,GAL,Serra D'irta,6,GAL_9,GAL_Serra D'irta_9,40,43,30,100,41.43970422,3,33.9,0,,,,,,,
field,GAL,Serra D'irta,6,GAL_10,GAL_Serra D'irta_10,38,33,25,40,16.57588169,2,19.2,1,34,34,3,5,2.03,6.485,1
field,GAL,Serra D'irta,6,GAL_11,GAL_Serra D'irta_11,54,40,29,120,49.72764507,3,7.5,1,60,67,56,26,3.6,112.128,1
field,GAL,Serra D'irta,6,GAL_12,GAL_Serra D'irta_12,37,47,35,70,29.00779295,2,10.86,1,44,61,46,22,3.67,54.223,1
field,GAL,Serra D'irta,6,GAL_13,GAL_Serra D'irta_13,39,41,20,30,12.43191127,1,14.18,1,55,49,22,15,2.49,28.382,1
field,GAL,Serra D'irta,6,GAL_14,GAL_Serra D'irta_14,38,39,31,90,37.2957338,3,15.29,1,52,41,29,19,3.82,32.305,1
field,GAL,Serra D'irta,6,GAL_15,GAL_Serra D'irta_15,33,16,12,10,4.143970422,1,18.16,1,16,8,7,11,2.09,5.634,
field,GAL,Serra D'irta,6,GAL_16,GAL_Serra D'irta_16,52,55,48,250,103.5992606,4,25.91,0,,,,,,,
field,GAL,Serra D'irta,6,GAL_17,GAL_Serra D'irta_17,36,31,31,25,10.35992606,4,7.13,1,34,28,24,15,2.04,18.657,
field,GAL,Serra D'irta,6,GAL_18,GAL_Serra D'irta_18,37,40,36,80,33.15176338,6,12.45,1,34,27,23,31,2.19,17.787,
field,GAL,Serra D'irta,6,GAL_19,GAL_Serra D'irta_19,28,29,18,20,8.287940844,1,19.76,1,,,,,,,
field,GAL,Serra D'irta,6,GAL_20,GAL_Serra D'irta_20,33,30,20,40,16.57588169,4,13.14,1,35,24,20,24,3,26.477,
field,GAL,Serra D'irta,6,GAL_21,GAL_Serra D'irta_21,42,44,39,100,41.43970422,4,15.06,1,34,37,25,53,2.51,47.193,
field,GAL,Serra D'irta,6,GAL_22,GAL_Serra D'irta_22,39,34,27,70,29.00779295,3,21.36,0,,,,,,,
field,GAL,Serra D'irta,6,GAL_23,GAL_Serra D'irta_23,60,55,50,220,91.16734929,3,21.3,1,52,51,30,41,3.31,93.11,1
field,GAL,Serra D'irta,6,GAL_24,GAL_Serra D'irta_24,50,35,22,100,41.43970422,4,25.47,1,40,39,29,34,3.61,56.838,1
field,GAL,Serra D'irta,6,GAL_25,GAL_Serra D'irta_25,56,58,48,120,49.72764507,3,24.52,1,,,,,,,
field,GAL,Serra del Boix,9,GAL_1,GAL_Serra del Boix_1,46,52,46,150,60.11757924,1,20.63,1,29,29,27,17,3.27,23.777,1
field,GAL,Serra del Boix,9,GAL_2,GAL_Serra del Boix_2,49,54,30,60,24.0470317,2,15.52,1,33,28,20,16,2.58,17.84,1
field,GAL,Serra del Boix,9,GAL_3,GAL_Serra del Boix_3,67.5,69,61,240,96.18812678,2,24.2,1,45,33,33,31,2.65,40.82,1
field,GAL,Serra del Boix,9,GAL_4,GAL_Serra del Boix_4,39,61,57,220,88.17244955,9,14.66,1,41,58,52,44,3.55,72.169,1
field,GAL,Serra del Boix,9,GAL_5,GAL_Serra del Boix_5,59,37,36,80,32.06270893,4,13.6,1,36,31,27,16,2.4,12.911,1
field,GAL,Serra del Boix,9,GAL_6,GAL_Serra del Boix_6,42,31,18,50,20.03919308,1,25.84,1,25,15,11,11,2.03,7.674,1
field,GAL,Serra del Boix,9,GAL_7,GAL_Serra del Boix_7,40,44,36,110,44.08622478,4,10.77,1,37,29,26,27,3.88,42.689,1
field,GAL,Serra del Boix,9,GAL_8,GAL_Serra del Boix_8,54,35,34,120,48.09406339,2,12.93,0,,,,,,,
field,GAL,Serra del Boix,9,GAL_9,GAL_Serra del Boix_9,43,49,37,100,40.07838616,2,18.65,1,36,31,30,24,3.73,30.365,1
field,GAL,Serra del Boix,9,GAL_10,GAL_Serra del Boix_10,48,39,27,80,32.06270893,2,11.01,0,,,,,,,
field,GAL,Serra del Boix,9,GAL_11,GAL_Serra del Boix_11,51,68,47,140,56.10974062,4,17.23,1,,,,,,,
field,GAL,Serra del Boix,9,GAL_12,GAL_Serra del Boix_12,57,52,44,120,48.09406339,1,19.1,1,52,43,36,24,3.98,64.186,1
field,GAL,Serra del Boix,9,GAL_13,GAL_Serra del Boix_13,64,66,46,320,128.2508357,3,23.05,1,46,42,34,75,3.44,89.672,0
field,GAL,Serra del Boix,9,GAL_14,GAL_Serra del Boix_14,54,46,45,180,72.14109509,5,10.1,1,30,24,19,19,2.92,21.481,1
field,GAL,Serra del Boix,9,GAL_15,GAL_Serra del Boix_15,47,29,28,80,32.06270893,2,11.2,0,,,,,,,
field,GAL,Serra del Boix,9,GAL_16,GAL_Serra del Boix_16,42,57,27,80,32.06270893,3,12.24,1,33,37,14,20,2.92,20.057,1
field,GAL,Serra del Boix,9,GAL_17,GAL_Serra del Boix_17,37,38,28,140,56.10974062,1,15.88,1,23,29,21,14,3.15,19.312,1
field,GAL,Serra del Boix,9,GAL_18,GAL_Serra del Boix_18,42,41,45,150,60.11757924,1,21.52,1,28,21,15,9,3.01,11.51,0
field,GAL,Serra del Boix,9,GAL_19,GAL_Serra del Boix_19,48,42,33,140,56.10974062,5,18.05,1,30,34,24,13,3.85,22.88,1
field,GAL,Serra del Boix,9,GAL_20,GAL_Serra del Boix_20,50,46,32,150,60.11757924,11,20.81,,,,,,,,
field,GAL,Serra del Boix,9,GAL_21,GAL_Serra del Boix_21,38,45,34,100,40.07838616,2,17.74,1,43,38,25,15,3.29,23.365,
field,GAL,Serra del Boix,9,GAL_22,GAL_Serra del Boix_22,40,48,38,100,40.07838616,7,10.36,0,,,,,,,
field,GAL,Serra del Boix,9,GAL_23,GAL_Serra del Boix_23,47,78,37,130,52.10190201,3,18.7,1,54,45,41,26,4.26,59.201,1
field,GAL,Serra del Boix,9,GAL_24,GAL_Serra del Boix_24,33,27,39,100,40.07838616,4,14.99,1,31,30,27,29,3.43,28.405,1
field,GAL,Serra del Boix,9,GAL_25,GAL_Serra del Boix_25,43,31,29,50,20.03919308,1,13.48,1,33,31,24,14,3.2,23.557,1
field,GAL,Tivissa,10,GAL_1,GAL_Tivissa_1,30,49,20,100,39.8509911,1,14.5,1,18,24,16,13,2.29,7.348,1
field,GAL,Tivissa,10,GAL_2,GAL_Tivissa_2,58,66,62,200,79.7019822,4,21.3,1,51,48,32,47,2.52,45.654,1
field,GAL,Tivissa,10,GAL_3,GAL_Tivissa_3,45,28,22,50,19.92549555,1,17.57,1,32,25,20,18,1.78,5.664,1
field,GAL,Tivissa,10,GAL_4,GAL_Tivissa_4,42,46,37,150,59.77648665,1,26.32,1,33,32,17,40,2.59,27.986,1
field,GAL,Tivissa,10,GAL_5,GAL_Tivissa_5,62,67,39,116,46.22714968,2,27.56,1,44,45,20,23,3.33,32.039,1
field,GAL,Tivissa,10,GAL_6,GAL_Tivissa_6,37,43,29,140,55.79138754,3,19.13,,,,,,,,
field,GAL,Tivissa,10,GAL_7,GAL_Tivissa_7,56,61,54,210,83.68708132,4,30.62,1,56,67,50,25,4.09,78.457,1
field,GAL,Tivissa,10,GAL_8,GAL_Tivissa_8,37,44,25,90,35.86589199,3,29.65,1,37,36,25,11,3.39,23.252,1
field,GAL,Tivissa,10,GAL_9,GAL_Tivissa_9,34,45,32,150,59.77648665,1,16.42,1,22,23,19,14,2.96,15.285,1
field,GAL,Tivissa,10,GAL_10,GAL_Tivissa_10,49,49,43,200,79.7019822,2,20.63,1,41,27,20,15,3.86,22.797,1
field,GAL,Tivissa,10,GAL_11,GAL_Tivissa_11,50,70,60,320,127.5231715,2,20.39,1,42,38,35,21,4.5,69.563,0
field,GAL,Tivissa,10,GAL_12,GAL_Tivissa_12,40,31,30,100,39.8509911,4,20.97,0,,,,,,,
field,GAL,Tivissa,10,GAL_13,GAL_Tivissa_13,52,50,35,220,87.67218043,4,24.1,0,,,,,,,
field,GAL,Tivissa,10,GAL_14,GAL_Tivissa_14,52,32,49,150,59.77648665,5,17.61,1,26,24,17,20,2.1,13.96,1
field,GAL,Tivissa,10,GAL_15,GAL_Tivissa_15,61,51,60,380,151.4337662,7,19.58,1,39,34,31,38,3.39,48.836,1
field,GAL,Tivissa,10,GAL_16,GAL_Tivissa_16,65,29,28,100,39.8509911,1,16.24,1,26,16,13,11,3.31,8.543,1
field,GAL,Tivissa,10,GAL_17,GAL_Tivissa_17,36,40,29,140,55.79138754,1,16.65,,,,,,,,
field,GAL,Tivissa,10,GAL_18,GAL_Tivissa_18,52,34,36,100,39.8509911,3,23.11,1,38,22,13,9,2.64,7.385,
field,GAL,Tivissa,10,GAL_19,GAL_Tivissa_19,58,53,36,240,95.64237865,2,19.04,,,,,,,,
field,GAL,Tivissa,10,GAL_20,GAL_Tivissa_20,50,63,60,300,119.5529733,5,20.02,1,43,42,43,67,3.37,78.24,1
field,GAL,Tivissa,10,GAL_21,GAL_Tivissa_21,33,38,29,110,43.83609021,4,13.49,1,38,20,16,14,2.42,13.209,1
field,GAL,Tivissa,10,GAL_22,GAL_Tivissa_22,55,50,48,300,119.5529733,6,31.9,1,41,38,28,44,3.17,49.357,1
field,GAL,Tivissa,10,GAL_23,GAL_Tivissa_23,55,68,47,290,115.5678742,2,19.79,1,35,29,29,36,2.1,21.766,1
field,GAL,Tivissa,10,GAL_24,GAL_Tivissa_24,44,29,27,90,35.86589199,2,17.44,1,29,14,9,9,2.08,5.601,
field,GAL,Tivissa,10,GAL_25,GAL_Tivissa_25,29,49,24,140,55.79138754,1,16.65,1,29,7,4,3,2.53,3.587,